normalized_url,raw_url_count,clicks,impressions,ctr_percent,avg_position,present_in_gsc
"https://xuongmaygiatot.vn/","1","613","35100","1.75","14.07","yes"
"https://xuongmaygiatot.vn/xuong-may-quan-ao-so-luong-it-tai-tp-hcm/","7","153","11577","1.32","10.09","yes"
"https://xuongmaygiatot.vn/dich-vu-may-mac/thiet-ke-thoi-trang-theo-yeu-cau/","1","119","1777","6.70","13.10","yes"
"https://xuongmaygiatot.vn/dich-vu-may-mac/xuong-may-xuong-gia-cong-gia-tot/","1","47","4699","1.00","20.50","yes"
"https://xuongmaygiatot.vn/top-10-xuong-may-uy-tin-co-danh-gia-tot/","5","46","3120","1.47","8.96","yes"
"https://xuongmaygiatot.vn/dich-vu-may-theo-mau-tu-a-z-giai-phap-tiet-kiem/","6","38","1010","3.76","7.06","yes"
"https://xuongmaygiatot.vn/xuong-may-quan-ao-the-thao-5-buoc-dat-may/","4","27","828","3.26","19.02","yes"
"https://xuongmaygiatot.vn/xuong-may-gia-cong-uy-tin-tai-tp-hcm-4-tieu-chi/","6","25","2307","1.08","31.50","yes"
"https://xuongmaygiatot.vn/xuong-may-gia-cong-gia-re-uy-tin/","5","23","1009","2.28","15.55","yes"
"https://xuongmaygiatot.vn/xuong-may-gia-cong-theo-yeu-cau-gia-re/","6","22","6287","0.35","19.47","yes"
"https://xuongmaygiatot.vn/dich-vu-may-mac/si-quan-ao-gia-tot/","1","21","3799","0.55","34.49","yes"
"https://xuongmaygiatot.vn/tim-hieu-danh-sach-xuong-may-o-vn/","1","20","688","2.91","7.66","yes"
"https://xuongmaygiatot.vn/xuong-may-gia-cong/","1","19","1482","1.28","16.69","yes"
"https://xuongmaygiatot.vn/lien-he/","1","19","868","2.19","6.52","yes"
"https://xuongmaygiatot.vn/san-pham/ao-so-mi-nu-dazy-dai-tay-mac-thoai-mai-co-gap-theu-hoa-tiet-soc-arden-smn002/","1","12","255","4.71","16.36","yes"
"https://xuongmaygiatot.vn/xuong-may-nhan-may-gap-tp-hcm/","1","8","415","1.93","13.17","yes"
"https://xuongmaygiatot.vn/xu-huong-phat-trien-nganh-det-may-viet-nam-trong-giai-doan-hoi-nhap-kinh-teluu-ban-nhap-tu-dong/","6","8","320","2.50","15.41","yes"
"https://xuongmaygiatot.vn/gia-cong-trong-nuoc-thay-vi-nhap-hang-trung-quoc/","1","5","301","1.66","7.26","yes"
"https://xuongmaygiatot.vn/xuong-may-dong-phuc-hoc-sinh-5-cau-hoi-giai-dap/","1","4","294","1.36","56.20","yes"
"https://xuongmaygiatot.vn/san-pham/page/2/","1","4","150","2.67","7.63","yes"
"https://xuongmaygiatot.vn/gia-cong-ao-polo-cho-thuong-hieu-thoi-trang-viet/","1","4","127","3.15","7.31","yes"
"https://xuongmaygiatot.vn/san-pham/ao-ni-half-zip-arden-at0854/","1","4","117","3.42","8.26","yes"
"https://xuongmaygiatot.vn/san-pham/","1","3","350","0.86","5.26","yes"
"https://xuongmaygiatot.vn/san-pham/ao-hoodie-boxy-form-rong-hd0986/","1","3","343","0.87","20.51","yes"
"https://xuongmaygiatot.vn/danh-gia-thuc-te-xuong-may-arden/","1","3","142","2.11","7.23","yes"
"https://xuongmaygiatot.vn/danh-muc-san-pham/thoi-trang-nu/ao-so-mi-nu/","1","3","111","2.70","35.99","yes"
"https://xuongmaygiatot.vn/thoi-trang-ben-vung-tai-viet-nam/","1","3","66","4.55","20.12","yes"
"https://xuongmaygiatot.vn/xuong-may-arden-gia-cong-quan-ao-uy-tin/","1","2","441","0.45","21.76","yes"
"https://xuongmaygiatot.vn/xuong-may-ao-thun-gan-kcn-tan-binh/","1","2","323","0.62","7.48","yes"
"https://xuongmaygiatot.vn/xuong-may-quan-ao-cong-so-5-loi-ich-hop-tac/","1","2","181","1.10","39.73","yes"
"https://xuongmaygiatot.vn/category/tin-tuc/","1","2","163","1.23","7.03","yes"
"https://xuongmaygiatot.vn/dich-vu-may-mac/","1","2","42","4.76","5.95","yes"
"https://xuongmaygiatot.vn/danh-muc-san-pham/thoi-trang-khac/ao-unisex/","1","1","289","0.35","25.62","yes"
"https://xuongmaygiatot.vn/xuong-may-ao-thun-su-kien-5-meo-tao-an-tuong/","1","1","181","0.55","65.07","yes"
"https://xuongmaygiatot.vn/nganh-det-may-duoc-ky-vong-hoi-phuc-tu-nua-cuoi-nam-2024/","1","1","162","0.62","9.75","yes"
"https://xuongmaygiatot.vn/xuongmaygiatot-vn-ve-xuong-may-arden/","1","1","144","0.69","6.47","yes"
"https://xuongmaygiatot.vn/tim-xuong-may-gia-re-uy-tin-tai-tp-hcm/","2","1","98","1.02","27.34","yes"
"https://xuongmaygiatot.vn/san-pham/ao-so-mi-trang-chuyen-nghiep-tay-dai-ba-phan-tu-cao-cap-mua-he/","1","1","92","1.09","40.22","yes"
"https://xuongmaygiatot.vn/san-pham/ao-so-mi-co-dung-mau-trang-nu-tay-ngan-mua-he-co-chu-v/","1","1","43","2.33","40.72","yes"
"https://xuongmaygiatot.vn/xuong-may-tai-tp-hcm-4-cau-hoi/","1","1","37","2.70","19.46","yes"
"https://xuongmaygiatot.vn/xuong-may-ao-thun-so-luong-lon-tai-tp-hcm/","1","1","34","2.94","16.18","yes"
"https://xuongmaygiatot.vn/danh-muc-san-pham/thoi-trang-nam/ao-polo-nam/","1","1","28","3.57","21.11","yes"
"https://xuongmaygiatot.vn/kham-pha-xuong-may-tan-goc-gia-sieu-tot-mau-ma-sieu-mode/","1","1","10","10.00","11.80","yes"
"https://xuongmaygiatot.vn/san-pham/ao-so-mi-nam-nu-trang-dai-tay-oxford-oversize-cao-cap-co-be-tui-nguc-form-rong-thoai-mai/","1","1","4","25.00","4.00","yes"
"https://xuongmaygiatot.vn/https-xuongmaygiatot-vn-da-ngam-den-mac-mau-gi/","1","0","1595","0.00","60.74","yes"
"https://xuongmaygiatot.vn/san-pham/airism-cotton-ao-thun-arden-na9753/","1","0","160","0.00","27.96","yes"
"https://xuongmaygiatot.vn/dong-phuc-cong-ty-gia-si-xu-huong-dep/","1","0","128","0.00","47.05","yes"
"https://xuongmaygiatot.vn/san-pham/page/3/","1","0","122","0.00","4.57","yes"
"https://xuongmaygiatot.vn/cap-nhat-moi-nhat-ve-hoa-don-dien-tu/","1","0","101","0.00","6.64","yes"
"https://xuongmaygiatot.vn/san-pham/ao-so-mi-nu-cao-cap-tay-ngan-kieu-cong-so/","1","0","73","0.00","39.97","yes"
"https://xuongmaygiatot.vn/ai-cho-doanh-nghiep/","1","0","72","0.00","12.75","yes"
"https://xuongmaygiatot.vn/danh-muc-san-pham/thoi-trang-khac/ao-hoodie/","1","0","65","0.00","12.06","yes"
"https://xuongmaygiatot.vn/san-pham/ao-so-mi-caro/","1","0","62","0.00","34.56","yes"
"https://xuongmaygiatot.vn/san-pham/ao-thun-cotton-airism-at8267/","1","0","61","0.00","23.30","yes"
"https://xuongmaygiatot.vn/san-pham/ao-sweater-arden-st985/","1","0","60","0.00","11.58","yes"
"https://xuongmaygiatot.vn/danh-muc-san-pham/thoi-trang-khac/ao-sweater/","1","0","60","0.00","19.47","yes"
"https://xuongmaygiatot.vn/danh-muc-san-pham/thoi-trang-khac/","1","0","59","0.00","9.41","yes"
"https://xuongmaygiatot.vn/san-pham/ao-ni-co-tron-arden-na8754/","1","0","44","0.00","23.32","yes"
"https://xuongmaygiatot.vn/san-pham/ao-hoodie-milano-co-khoa-keo-hd8532/","1","0","40","0.00","29.18","yes"
"https://xuongmaygiatot.vn/danh-muc-san-pham/thoi-trang-nam/","1","0","38","0.00","9.95","yes"
"https://xuongmaygiatot.vn/san-pham/ao-thun-oversize-bonney/","1","0","38","0.00","12.63","yes"
"https://xuongmaygiatot.vn/xuong-may-uy-tin-5-ly-do-chon-doi-tac-chat-luong/","1","0","35","0.00","41.00","yes"
"https://xuongmaygiatot.vn/tim-xuong-may-giao-hang-nhanh-tai-tp-hcm/","1","0","34","0.00","6.56","yes"
"https://xuongmaygiatot.vn/dich-vu/chuyen-si-thoi-trang/","1","0","34","0.00","56.62","yes"
"https://xuongmaygiatot.vn/san-pham/ao-thun-phoi-bonney-trang-den-oversize/","1","0","28","0.00","15.46","yes"
"https://xuongmaygiatot.vn/xuong-may-dong-phuc-hoc-sinh-tphcm/","1","0","21","0.00","41.52","yes"
"https://xuongmaygiatot.vn/kham-pha-xuong-may-ao-thun-tan-phu-tp-hcm/","1","0","19","0.00","8.05","yes"
"https://xuongmaygiatot.vn/xu-huong-local-brand-2026/","1","0","14","0.00","10.21","yes"
"https://xuongmaygiatot.vn/marketing-tiktok-cho-thoi-trang-bi-kip-viral-brand/","1","0","12","0.00","9.42","yes"
"https://xuongmaygiatot.vn/khoi-sac-don-hang-det-may-cuoi-nam-2024/","1","0","11","0.00","8.55","yes"
"https://xuongmaygiatot.vn/category/tin-tuc/page/2/","1","0","10","0.00","12.90","yes"
"https://xuongmaygiatot.vn/danh-muc-san-pham/thoi-trang-nam/page/2/","1","0","10","0.00","27.40","yes"
"https://xuongmaygiatot.vn/san-pham/ao-so-mi-cong-so-coc-tay/","1","0","8","0.00","63.38","yes"
"https://xuongmaygiatot.vn/san-pham/ao-thun-nam-mau-2/","1","0","6","0.00","7.33","yes"
"https://xuongmaygiatot.vn/category/tin-tuc/page/4/","1","0","6","0.00","9.33","yes"
"https://xuongmaygiatot.vn/bi-quyet-chon-xuong-may-ao-dai-hoc-sinh/","1","0","6","0.00","21.33","yes"
"https://xuongmaygiatot.vn/xuong-may-gia-cong-tron-goi-tai-tphcm/","1","0","5","0.00","2.20","yes"
"https://xuongmaygiatot.vn/san-pham/ao-so-mi-cong-so-nu-han-quoc-kieu-basic/","1","0","5","0.00","29.00","yes"
"https://xuongmaygiatot.vn/san-pham/page/4/","1","0","4","0.00","5.00","yes"
"https://xuongmaygiatot.vn/7-tieu-chi-danh-gia-mot-xuong-may-gia-cong/","1","0","4","0.00","6.50","yes"
"https://xuongmaygiatot.vn/tim-xuong-may-uy-tin-co-review-tot-tai-tp-hcm/","1","0","4","0.00","7.00","yes"
"https://xuongmaygiatot.vn/category/tin-tuc/page/5/","1","0","4","0.00","8.50","yes"
"https://xuongmaygiatot.vn/category/tin-tuc/page/3/","1","0","4","0.00","8.75","yes"
"https://xuongmaygiatot.vn/wp-content/themes/wtgshop/assets/?ND=","1","0","4","0.00","9.00","yes"
"https://xuongmaygiatot.vn/san-pham/ao-so-mi-trang-ngan-tay-phong-cach-phap/","1","0","4","0.00","47.00","yes"
"https://xuongmaygiatot.vn/xu-huong-phat-trien-thuong-hieu-thoi-trang/","1","0","2","0.00","5.00","yes"
"https://xuongmaygiatot.vn/may-theo-yeu-cau-loi-ich-xuong-may/","1","0","2","0.00","11.50","yes"
"https://xuongmaygiatot.vn/dich-vu-may-mac/dich-vu-may-dong-phuc-gia-tot-xuong-may-adren/","1","0","2","0.00","63.50","yes"
"https://xuongmaygiatot.vn/san-pham/ao-polo-nam-mau-8/","1","0","1","0.00","5.00","yes"
"https://xuongmaygiatot.vn/san-pham/ao-polo-nam-mau-10/","1","0","1","0.00","8.00","yes"
"https://xuongmaygiatot.vn/?SD=","1","0","1","0.00","9.00","yes"
"https://xuongmaygiatot.vn/san-pham/ao-so-mi-caro-xanh-nho-oversize-nam-nu-dai-tay-co-be-tui-nguc-form-rong-thoai-mai/","1","0","1","0.00","10.00","yes"
"https://xuongmaygiatot.vn/don-hang-tich-cuc-tu-quy-3-va-4-nganh-det-may-ky-vong-tang-truong-tu-8-10/","1","0","1","0.00","56.00","yes"
"https://xuongmaygiatot.vn/cap-nhat-20-cach-phoi-do-thoi-trang-nam-tre-trung-sanh-dieu-nhat/","1","0","1","0.00","58.00","yes"
